,paralysis,stiff_neck,confusion,toe_inflammation,finger_inflammation,lips_irritation,breathing_restriction
stiff_neck,0.9239364353597954,1.0,0.8327526132404179,0.5161319060481775,0.5161319060481775,0.5161319060481775,0.5161319060481775
confusion,0.9239364353597956,0.8327526132404179,1.0,0.5161319060481776,0.5161319060481776,0.5161319060481776,0.5161319060481776
paralysis,1.0,0.9239364353597954,0.9239364353597956,0.674199862463242,0.674199862463242,0.674199862463242,0.674199862463242
breathing_restriction,0.674199862463242,0.5161319060481775,0.5161319060481776,1.0,1.0,1.0,1.0
toe_inflammation,0.674199862463242,0.5161319060481775,0.5161319060481776,1.0,1.0,1.0,1.0
finger_inflammation,0.674199862463242,0.5161319060481775,0.5161319060481776,1.0,1.0,1.0,1.0
lips_irritation,0.674199862463242,0.5161319060481775,0.5161319060481776,1.0,1.0,1.0,1.0
